INSERT INTO "DZIAL" ("ID_DZIALU", "NAZWA_DZIALU") VALUES ('0','Frontend');
INSERT INTO "DZIAL" ("ID_DZIALU", "NAZWA_DZIALU") VALUES ('1','Backend');
INSERT INTO "DZIAL" ("ID_DZIALU", "NAZWA_DZIALU") VALUES ('2','Obslugi konsumenta');

INSERT INTO "STANOWISKA" ("ID_STANOWISKA", "ID_DZIALU", "NAZWA_STANOWISKA", "MIEJSCA", "UPRAWNIENIA") VALUES ('0','0','Nowe Stanowisko','99','Pracownik');
INSERT INTO "STANOWISKA" ("ID_STANOWISKA", "ID_DZIALU", "NAZWA_STANOWISKA", "MIEJSCA", "UPRAWNIENIA") VALUES ('1','0','Kierownik','0','Administrator');
INSERT INTO "STANOWISKA" ("ID_STANOWISKA", "ID_DZIALU", "NAZWA_STANOWISKA", "MIEJSCA", "UPRAWNIENIA") VALUES ('2','1','Kierownik','0','Administrator');
INSERT INTO "STANOWISKA" ("ID_STANOWISKA", "ID_DZIALU", "NAZWA_STANOWISKA", "MIEJSCA", "UPRAWNIENIA") VALUES ('3','2','Kierownik','1','Administrator');
INSERT INTO "STANOWISKA" ("ID_STANOWISKA", "ID_DZIALU", "NAZWA_STANOWISKA", "MIEJSCA", "UPRAWNIENIA") VALUES ('4','0','Programista','5','Pracownik');
INSERT INTO "STANOWISKA" ("ID_STANOWISKA", "ID_DZIALU", "NAZWA_STANOWISKA", "MIEJSCA", "UPRAWNIENIA") VALUES ('5','1','Programista','2','Pracownik');
INSERT INTO "STANOWISKA" ("ID_STANOWISKA", "ID_DZIALU", "NAZWA_STANOWISKA", "MIEJSCA", "UPRAWNIENIA") VALUES ('6','2','Sprzedaz','8','Pracownik');

INSERT INTO "PRACOWNICY" ("ID_PRACOWNIKA", "ID_STANOWISKA", "ID_DZIALU", "IMIE_PRACOWNIKA", "NAZWISKO_PRACOWNIKA", "E_MAIL_PRACOWNIKA", "HASLO_PRACOWNIKA") VALUES ('0','0','0','Joanna','Szulc','szu@co.net','admin');
INSERT INTO "PRACOWNICY" ("ID_PRACOWNIKA", "ID_STANOWISKA", "ID_DZIALU", "IMIE_PRACOWNIKA", "NAZWISKO_PRACOWNIKA", "E_MAIL_PRACOWNIKA", "HASLO_PRACOWNIKA") VALUES ('1','1','1','Konrad','Gajewski','ga@co.net','admin');
INSERT INTO "PRACOWNICY" ("ID_PRACOWNIKA", "ID_STANOWISKA", "ID_DZIALU", "IMIE_PRACOWNIKA", "NAZWISKO_PRACOWNIKA", "E_MAIL_PRACOWNIKA", "HASLO_PRACOWNIKA") VALUES ('2','3','0','Jakub','Przybysz','prac1@co.net','prac');
INSERT INTO "PRACOWNICY" ("ID_PRACOWNIKA", "ID_STANOWISKA", "ID_DZIALU", "IMIE_PRACOWNIKA", "NAZWISKO_PRACOWNIKA", "E_MAIL_PRACOWNIKA", "HASLO_PRACOWNIKA") VALUES ('3','3','0','Gabriela','Olejniczak','prac2@co.net','prac');
INSERT INTO "PRACOWNICY" ("ID_PRACOWNIKA", "ID_STANOWISKA", "ID_DZIALU", "IMIE_PRACOWNIKA", "NAZWISKO_PRACOWNIKA", "E_MAIL_PRACOWNIKA", "HASLO_PRACOWNIKA") VALUES ('4','3','1','Zofia','Bielecka','prac3@co.net','prac');
INSERT INTO "PRACOWNICY" ("ID_PRACOWNIKA", "ID_STANOWISKA", "ID_DZIALU", "IMIE_PRACOWNIKA", "NAZWISKO_PRACOWNIKA", "E_MAIL_PRACOWNIKA", "HASLO_PRACOWNIKA") VALUES ('5','4','0','Wiktoria','Ostrowska','prac4@co.net','prac');
INSERT INTO "PRACOWNICY" ("ID_PRACOWNIKA", "ID_STANOWISKA", "ID_DZIALU", "IMIE_PRACOWNIKA", "NAZWISKO_PRACOWNIKA", "E_MAIL_PRACOWNIKA", "HASLO_PRACOWNIKA") VALUES ('6','4','2','Eryk','Wróblewski','prac5@co.net','prac');
INSERT INTO "PRACOWNICY" ("ID_PRACOWNIKA", "ID_STANOWISKA", "ID_DZIALU", "IMIE_PRACOWNIKA", "NAZWISKO_PRACOWNIKA", "E_MAIL_PRACOWNIKA", "HASLO_PRACOWNIKA") VALUES ('7','4','2','Jakub','Żak','prac6@co.net','prac');
INSERT INTO "PRACOWNICY" ("ID_PRACOWNIKA", "ID_STANOWISKA", "ID_DZIALU", "IMIE_PRACOWNIKA", "NAZWISKO_PRACOWNIKA", "E_MAIL_PRACOWNIKA", "HASLO_PRACOWNIKA") VALUES ('8','5','2','Antonina','Sawicka','prac7@co.net','prac');
INSERT INTO "PRACOWNICY" ("ID_PRACOWNIKA", "ID_STANOWISKA", "ID_DZIALU", "IMIE_PRACOWNIKA", "NAZWISKO_PRACOWNIKA", "E_MAIL_PRACOWNIKA", "HASLO_PRACOWNIKA") VALUES ('9','4','1','Karol','Nowak','prac8@co.net','prac');
INSERT INTO "PRACOWNICY" ("ID_PRACOWNIKA", "ID_STANOWISKA", "ID_DZIALU", "IMIE_PRACOWNIKA", "NAZWISKO_PRACOWNIKA", "E_MAIL_PRACOWNIKA", "HASLO_PRACOWNIKA") VALUES ('10','5','2','Marek','Żak','prac9@co.net','prac');
INSERT INTO "PRACOWNICY" ("ID_PRACOWNIKA", "ID_STANOWISKA", "ID_DZIALU", "IMIE_PRACOWNIKA", "NAZWISKO_PRACOWNIKA", "E_MAIL_PRACOWNIKA", "HASLO_PRACOWNIKA") VALUES ('11','3','0','Oliwia','Kwiatkowska','prac10@co.net','prac');
INSERT INTO "PRACOWNICY" ("ID_PRACOWNIKA", "ID_STANOWISKA", "ID_DZIALU", "IMIE_PRACOWNIKA", "NAZWISKO_PRACOWNIKA", "E_MAIL_PRACOWNIKA", "HASLO_PRACOWNIKA") VALUES ('12','3','0','Mikołaj','Janicki','prac11@co.net','prac');
INSERT INTO "PRACOWNICY" ("ID_PRACOWNIKA", "ID_STANOWISKA", "ID_DZIALU", "IMIE_PRACOWNIKA", "NAZWISKO_PRACOWNIKA", "E_MAIL_PRACOWNIKA", "HASLO_PRACOWNIKA") VALUES ('13','4','1','Dawid','Jabłoński','prac12@co.net','prac');
INSERT INTO "PRACOWNICY" ("ID_PRACOWNIKA", "ID_STANOWISKA", "ID_DZIALU", "IMIE_PRACOWNIKA", "NAZWISKO_PRACOWNIKA", "E_MAIL_PRACOWNIKA", "HASLO_PRACOWNIKA") VALUES ('14','4','0','Marek','Zieliński','prac13@co.net','prac');
INSERT INTO "PRACOWNICY" ("ID_PRACOWNIKA", "ID_STANOWISKA", "ID_DZIALU", "IMIE_PRACOWNIKA", "NAZWISKO_PRACOWNIKA", "E_MAIL_PRACOWNIKA", "HASLO_PRACOWNIKA") VALUES ('15','5','0','Patryk','Bąk','prac14@co.net','prac');
INSERT INTO "PRACOWNICY" ("ID_PRACOWNIKA", "ID_STANOWISKA", "ID_DZIALU", "IMIE_PRACOWNIKA", "NAZWISKO_PRACOWNIKA", "E_MAIL_PRACOWNIKA", "HASLO_PRACOWNIKA") VALUES ('16','5','0','Jakub','Bąk','prac15@co.net','prac');
INSERT INTO "PRACOWNICY" ("ID_PRACOWNIKA", "ID_STANOWISKA", "ID_DZIALU", "IMIE_PRACOWNIKA", "NAZWISKO_PRACOWNIKA", "E_MAIL_PRACOWNIKA", "HASLO_PRACOWNIKA") VALUES ('17','5','0','Przemysław','Ostrowski','prac16@co.net','prac');
INSERT INTO "PRACOWNICY" ("ID_PRACOWNIKA", "ID_STANOWISKA", "ID_DZIALU", "IMIE_PRACOWNIKA", "NAZWISKO_PRACOWNIKA", "E_MAIL_PRACOWNIKA", "HASLO_PRACOWNIKA") VALUES ('18','4','2','Marek','Zieliński','prac17@co.net','prac');
INSERT INTO "PRACOWNICY" ("ID_PRACOWNIKA", "ID_STANOWISKA", "ID_DZIALU", "IMIE_PRACOWNIKA", "NAZWISKO_PRACOWNIKA", "E_MAIL_PRACOWNIKA", "HASLO_PRACOWNIKA") VALUES ('19','4','1','Adrian','Wieczorek','prac18@co.net','prac');
INSERT INTO "PRACOWNICY" ("ID_PRACOWNIKA", "ID_STANOWISKA", "ID_DZIALU", "IMIE_PRACOWNIKA", "NAZWISKO_PRACOWNIKA", "E_MAIL_PRACOWNIKA", "HASLO_PRACOWNIKA") VALUES ('20','3','1','Julia','Szymańska','prac19@co.net','prac');

INSERT INTO "OFERTY" ("ID__OFERTY", "ID_STANOWISKA", "NAZWA_STANOWISKA", "OPIS", "WYMOGI", "WYNAGRODZENIE", "DOSTEPNE_MIEJSCA") VALUES ('0','2','Administrator','Słychać było jedynie szum wiatru i szelest liści spadających z drzew. Po chwili wiatr zaczął się wzmagać a z nieba zaczęły padać krople deszczu. Nagle zrobiło się ciemno i duszno.','obsługa komputera, umiejętność obsługi urządzeń biurowych, umiejętność asertywnego prowadzenia rozmów telefonicznych, znajomość języków obcych','5000.0','1');
INSERT INTO "OFERTY" ("ID__OFERTY", "ID_STANOWISKA", "NAZWA_STANOWISKA", "OPIS", "WYMOGI", "WYNAGRODZENIE", "DOSTEPNE_MIEJSCA") VALUES ('1','3','Programista','Najpierw delikatnie, potem coraz mocniej, aż wydawało się, że ich pnie nie wytrzymają naporu wzmagającego się wiatru.','wiedza z zakresu informatyki, umiejętność współpracy z osobami z różnych działów firmy','4000.0','4');
INSERT INTO "OFERTY" ("ID__OFERTY", "ID_STANOWISKA", "NAZWA_STANOWISKA", "OPIS", "WYMOGI", "WYNAGRODZENIE", "DOSTEPNE_MIEJSCA") VALUES ('2','4','Programista','A deszcz, który na początku siąpił monotonnie przeszedł nagle w ulewę, która bębniła wściekle po błyskawicznie wyludniających się ulicach.','wiedza z zakresu informatyki, umiejętność współpracy z osobami z różnych działów firmy','4000.0','3');
INSERT INTO "OFERTY" ("ID__OFERTY", "ID_STANOWISKA", "NAZWA_STANOWISKA", "OPIS", "WYMOGI", "WYNAGRODZENIE", "DOSTEPNE_MIEJSCA") VALUES ('3','5','Konsultant','Na ciemniejącym niebie, jak cięcia mieczem, widoczne były białe błyskawice. Początkowy, delikatny pomruk przerodził się w potężne grzmoty ,jakby stado słoni przebiegło po drodze.','potwierdzone sukcesy zawodowe, znajomość branży, znajomość rynku','3000.0','1');

INSERT INTO "PODANIA" ("ID_PODANIA", "ID_STANOWISKA", "IMIE_PRACOWNIKA", "NAZWISKO_PRACOWNIKA", "WIEK", "RODZAJ_WYKSZTALCENIA", "MIEJSCE_ZAMIESZKANIA", "DLUGOSC_STAZU", "DATA_OTRZYMANIA", "STAN", "TELEFON") VALUES ('0','2','Karolina','Musiał','22','Technik','Warszawa','6','12.12.2018','0','123432234');
INSERT INTO "PODANIA" ("ID_PODANIA", "ID_STANOWISKA", "IMIE_PRACOWNIKA", "NAZWISKO_PRACOWNIKA", "WIEK", "RODZAJ_WYKSZTALCENIA", "MIEJSCE_ZAMIESZKANIA", "DLUGOSC_STAZU", "DATA_OTRZYMANIA", "STAN", "TELEFON") VALUES ('1','3','Dominik','Tomaszewski','23','','Poznań','24','12.11.2018','0','876532234');
INSERT INTO "PODANIA" ("ID_PODANIA", "ID_STANOWISKA", "IMIE_PRACOWNIKA", "NAZWISKO_PRACOWNIKA", "WIEK", "RODZAJ_WYKSZTALCENIA", "MIEJSCE_ZAMIESZKANIA", "DLUGOSC_STAZU", "DATA_OTRZYMANIA", "STAN", "TELEFON") VALUES ('2','4','Przemysław','Lis','22','Technik','Gdańsk','24','11.12.2018','0','783439874');
INSERT INTO "PODANIA" ("ID_PODANIA", "ID_STANOWISKA", "IMIE_PRACOWNIKA", "NAZWISKO_PRACOWNIKA", "WIEK", "RODZAJ_WYKSZTALCENIA", "MIEJSCE_ZAMIESZKANIA", "DLUGOSC_STAZU", "DATA_OTRZYMANIA", "STAN", "TELEFON") VALUES ('3','5','Igor','Janicki','43','Inżynier','Kraków','12','11.12.2018','0','923442234');